{
  "IcoMoonType": "selection",
  "icons": [
    {
      "icon": {
        "paths": [
          "M912.015 914.381l5.048-73.165c-0.497-13.199-5.851-25.059-14.314-33.925l0.019 0.020-134.185-140.728c-9.462-9.913-22.779-16.077-37.535-16.077-0.002 0-0.003 0-0.005 0l-79.954-0c-20.212 0-36.598-16.385-36.598-36.598v0-57.58c46.019-21.801 77.937-68.536 77.937-122.839v-138.813c0-74.445-60.344-134.789-134.789-134.789h-91.269c-74.445 0-134.789 60.344-134.789 134.789v138.824c0 54.303 31.908 101.038 77.937 122.839v57.58c0 20.214-16.384 36.598-36.598 36.598h-79.954c-14.182 0-27.75 5.806-37.54 16.077l-134.195 140.708c-8.45 8.846-13.805 20.711-14.292 33.821l-0.003 0.094 5.048 73.165",
          "M744.96 355.379v-69.908c0-97.116-78.735-175.852-175.852-175.852h-114.217c-97.116 0-175.852 78.735-175.852 175.852v69.908",
          "M454.892 621.619c-97.116 0-175.852-78.735-175.852-175.852v-69.908",
          "M512 621.619h-57.108",
          "M279.040 455.414v0c-36.76 0-66.56-29.8-66.56-66.56v0-29.635c0-36.76 29.8-66.56 66.56-66.56v0 0 162.755z",
          "M744.96 455.414v0c36.76 0 66.56-29.8 66.56-66.56v0-29.635c0-36.76-29.8-66.56-66.56-66.56v0 0 162.755z"
        ],
        "attrs": [
          {
            "fill": "none",
            "stroke": "rgb(118, 164, 189)",
            "strokeLinejoin": "round",
            "strokeLinecap": "round",
            "strokeMiterlimit": "10",
            "strokeWidth": 15.36
          },
          {
            "fill": "none",
            "stroke": "rgb(0, 0, 0)",
            "strokeLinejoin": "round",
            "strokeLinecap": "round",
            "strokeMiterlimit": "10",
            "strokeWidth": 15.36
          },
          {
            "fill": "none",
            "stroke": "rgb(0, 0, 0)",
            "strokeLinejoin": "round",
            "strokeLinecap": "round",
            "strokeMiterlimit": "10",
            "strokeWidth": 15.36
          },
          {
            "fill": "none",
            "stroke": "rgb(0, 0, 0)",
            "strokeLinejoin": "round",
            "strokeLinecap": "round",
            "strokeMiterlimit": "10",
            "strokeWidth": 30.72
          },
          {
            "fill": "none",
            "stroke": "rgb(0, 0, 0)",
            "strokeLinejoin": "round",
            "strokeLinecap": "round",
            "strokeMiterlimit": "10",
            "strokeWidth": 15.36
          },
          {
            "fill": "none",
            "stroke": "rgb(0, 0, 0)",
            "strokeLinejoin": "round",
            "strokeLinecap": "round",
            "strokeMiterlimit": "10",
            "strokeWidth": 15.36
          }
        ],
        "isMulticolor": false,
        "isMulticolor2": true,
        "grid": 0,
        "tags": [
          "customer service"
        ],
        "colorPermutations": {
          "11181641891210210211125525525515050501": [
            {
              "s": 2
            },
            {
              "s": 0
            },
            {
              "s": 0
            },
            {
              "s": 0
            },
            {
              "s": 0
            },
            {
              "s": 0
            }
          ]
        }
      },
      "attrs": [
        {
          "fill": "none",
          "stroke": "rgb(118, 164, 189)",
          "strokeLinejoin": "round",
          "strokeLinecap": "round",
          "strokeMiterlimit": "10",
          "strokeWidth": 15.36
        },
        {
          "fill": "none",
          "stroke": "rgb(0, 0, 0)",
          "strokeLinejoin": "round",
          "strokeLinecap": "round",
          "strokeMiterlimit": "10",
          "strokeWidth": 15.36
        },
        {
          "fill": "none",
          "stroke": "rgb(0, 0, 0)",
          "strokeLinejoin": "round",
          "strokeLinecap": "round",
          "strokeMiterlimit": "10",
          "strokeWidth": 15.36
        },
        {
          "fill": "none",
          "stroke": "rgb(0, 0, 0)",
          "strokeLinejoin": "round",
          "strokeLinecap": "round",
          "strokeMiterlimit": "10",
          "strokeWidth": 30.72
        },
        {
          "fill": "none",
          "stroke": "rgb(0, 0, 0)",
          "strokeLinejoin": "round",
          "strokeLinecap": "round",
          "strokeMiterlimit": "10",
          "strokeWidth": 15.36
        },
        {
          "fill": "none",
          "stroke": "rgb(0, 0, 0)",
          "strokeLinejoin": "round",
          "strokeLinecap": "round",
          "strokeMiterlimit": "10",
          "strokeWidth": 15.36
        }
      ],
      "properties": {
        "order": 47,
        "id": 7,
        "name": "customer-service",
        "prevSize": 32
      },
      "setIdx": 0,
      "setId": 3,
      "iconIdx": 0
    },
    {
      "icon": {
        "paths": [
          "M885.969 384.571h-491.938c-33.817 0-61.231 27.414-61.231 61.231v338.696c0 33.817 27.414 61.231 61.231 61.231h289.576c6.391 65.212 61.361 116.174 128.253 116.174h0v-116.174h74.109c33.817 0 61.231-27.414 61.231-61.231v-338.696c0-33.817-27.414-61.231-61.231-61.231z",
          "M138.031 138.811h491.938c33.817 0 61.231 27.414 61.231 61.231v338.696c0 33.817-27.414 61.231-61.231 61.231h-289.576c-6.391 65.212-61.361 116.174-128.253 116.174h-0v-116.174h-74.109c-33.817 0-61.231-27.414-61.231-61.231v-338.696c-0-33.817 27.414-61.231 61.231-61.231z",
          "M189.44 266.24h399.36",
          "M189.44 367.772h399.36",
          "M189.44 469.304h216.602"
        ],
        "attrs": [
          {
            "fill": "rgb(210, 210, 211)",
            "strokeLinejoin": "round",
            "strokeLinecap": "round",
            "strokeMiterlimit": "10",
            "strokeWidth": 17.92
          },
          {
            "fill": "rgb(255, 255, 255)",
            "strokeLinejoin": "round",
            "strokeLinecap": "round",
            "strokeMiterlimit": "10",
            "strokeWidth": 17.92
          },
          {
            "fill": "none",
            "strokeLinejoin": "round",
            "strokeLinecap": "round",
            "strokeMiterlimit": "10",
            "strokeWidth": 17.92
          },
          {
            "fill": "none",
            "strokeLinejoin": "round",
            "strokeLinecap": "round",
            "strokeMiterlimit": "10",
            "strokeWidth": 17.92
          },
          {
            "fill": "none",
            "strokeLinejoin": "round",
            "strokeLinecap": "round",
            "strokeMiterlimit": "10",
            "strokeWidth": 17.92
          }
        ],
        "isMulticolor": true,
        "isMulticolor2": false,
        "grid": 0,
        "tags": [
          "discuss"
        ],
        "colorPermutations": {
          "11181641891210210211125525525515050501": [
            {
              "f": 3,
              "s": 0
            },
            {
              "f": 4,
              "s": 0
            },
            {
              "s": 0
            },
            {
              "s": 0
            },
            {
              "s": 0
            }
          ]
        }
      },
      "attrs": [
        {
          "fill": "rgb(210, 210, 211)",
          "strokeLinejoin": "round",
          "strokeLinecap": "round",
          "strokeMiterlimit": "10",
          "strokeWidth": 17.92
        },
        {
          "fill": "rgb(255, 255, 255)",
          "strokeLinejoin": "round",
          "strokeLinecap": "round",
          "strokeMiterlimit": "10",
          "strokeWidth": 17.92
        },
        {
          "fill": "none",
          "strokeLinejoin": "round",
          "strokeLinecap": "round",
          "strokeMiterlimit": "10",
          "strokeWidth": 17.92
        },
        {
          "fill": "none",
          "strokeLinejoin": "round",
          "strokeLinecap": "round",
          "strokeMiterlimit": "10",
          "strokeWidth": 17.92
        },
        {
          "fill": "none",
          "strokeLinejoin": "round",
          "strokeLinecap": "round",
          "strokeMiterlimit": "10",
          "strokeWidth": 17.92
        }
      ],
      "properties": {
        "order": 48,
        "id": 6,
        "name": "discuss",
        "prevSize": 32
      },
      "setIdx": 0,
      "setId": 3,
      "iconIdx": 1
    },
    {
      "icon": {
        "paths": [
          "M791.2 851.4c8.2 0 15-6.8 15-15v-484.6c0-0.2 0-0.6 0-0.8 0-4-1.6-7.8-4.2-10.4l-139.8-162.2c0 0 0 0 0 0l-0.2-0.2c0 0 0 0-0.2-0.2-0.4-0.6-1-1-1.4-1.4 0 0 0 0-0.2-0.2-0.6-0.4-1-0.8-1.6-1.2 0 0-0.2-0.2-0.2-0.2-1.2-0.8-2.4-1.2-3.8-1.6 0 0-0.2 0-0.2 0-1.2-0.2-2.4-0.4-3.6-0.4h-418c-8.2 0-15 6.8-15 15v648.8c0 8.2 6.8 15 15 15h558.4zM665.8 228l92.8 107.8h-92.8v-107.8zM247.8 202.6h388v148.2c0 8.2 6.8 15 15 15h125.6v455.4h-528.6v-618.6z",
          "M367.6 530.2c-42.2 0-76.4 34.2-76.4 76.4 0 18.6 6.6 35.6 17.8 48.8v110.8c0 5.6 3.2 10.8 8.2 13.4s11 2.2 15.6-1.2l35-25 34.8 25c2.6 1.8 5.6 2.8 8.8 2.8 2.4 0 4.6-0.6 6.8-1.6 5-2.6 8.2-7.8 8.2-13.4v-110.8c11-13.2 17.8-30.2 17.8-48.8-0.2-42-34.4-76.4-76.6-76.4zM367.6 560.2c25.6 0 46.4 20.8 46.4 46.4s-20.8 46.4-46.4 46.4c-12.8 0-24.6-5.2-33-13.8 0 0 0 0-0.2-0.2-8.2-8.4-13.2-19.8-13.2-32.4-0-25.6 20.8-46.4 46.4-46.4zM376.4 722.6c-5.2-3.8-12.2-3.8-17.6 0l-20 14.4v-59.6c8.8 3.6 18.6 5.6 28.6 5.6 10.2 0 19.8-2 28.6-5.6v59.6l-19.6-14.4z",
          "M311.8 293h55.8c8.2 0 15-6.8 15-15s-6.8-15-15-15h-55.8c-8.2 0-15 6.8-15 15s6.8 15 15 15z",
          "M527.4 327h-215.6c-8.2 0-15 6.8-15 15s6.8 15 15 15h215.6c8.2 0 15-6.8 15-15s-6.8-15-15-15z",
          "M527.4 391.2h-215.6c-8.2 0-15 6.8-15 15s6.8 15 15 15h215.6c8.2 0 15-6.8 15-15s-6.8-15-15-15z"
        ],
        "attrs": [
          {},
          {},
          {},
          {},
          {}
        ],
        "isMulticolor": false,
        "isMulticolor2": false,
        "grid": 0,
        "tags": [
          "guarante"
        ],
        "colorPermutations": {
          "11181641891210210211125525525515050501": [
            {},
            {},
            {},
            {},
            {}
          ]
        }
      },
      "attrs": [
        {},
        {},
        {},
        {},
        {}
      ],
      "properties": {
        "order": 49,
        "id": 5,
        "name": "guarante",
        "prevSize": 32
      },
      "setIdx": 0,
      "setId": 3,
      "iconIdx": 2
    },
    {
      "icon": {
        "paths": [
          "M842 440v0c0-0.2 0-0.2 0-0.4 0-0.4 0-1 0-1.4 0-0.2 0-0.2 0-0.4 0-0.4-0.2-1-0.2-1.4 0 0 0-0.2 0-0.2-0.2-0.4-0.2-1-0.4-1.4 0 0 0-0.2 0-0.2-0.4-1-0.8-2-1.4-3-0.4-0.6-0.6-1-1-1.4 0 0-0.2-0.2-0.2-0.2-0.4-0.4-0.6-0.8-1-1 0 0-0.2-0.2-0.2-0.2-0.4-0.4-0.6-0.6-1-0.8 0 0 0 0-0.2-0.2l-82.8-61.8v-161c0-8.2-6.8-15-15-15h-452.6c-8.2 0-15 6.8-15 15v161l-82.8 61.8c0 0 0 0-0.2 0.2-0.4 0.2-0.8 0.6-1 1 0 0-0.2 0.2-0.2 0.2-0.4 0.4-0.6 0.6-1 1 0 0-0.2 0.2-0.2 0.2-0.4 0.4-0.8 1-1 1.4-0.6 1-1 2-1.4 3 0 0 0 0.2 0 0.2-0.2 0.4-0.4 1-0.4 1.4 0 0 0 0.2 0 0.2-0.2 0.4-0.2 1-0.2 1.4 0 0.2 0 0.2 0 0.4 0 0.4 0 1 0 1.4 0 0 0 0 0 0.2v0.2c0 0 0 0.2 0 0.2v379c0 8.2 6.8 15 15 15h629.8c8.2 0 15-6.8 15-15v-379.4c-0.4 0-0.4 0-0.4 0zM800.6 438.8l-47.6 30.8v-66.4l47.6 35.6zM723 219.8v269.2l-211 136.4-211-136.4v-269.2h422zM271 469.6l-47.6-30.8 47.6-35.6v66.4zM212 804.2v-337l291.8 188.6c2.4 1.6 5.4 2.4 8.2 2.4s5.6-0.8 8.2-2.4l291.8-188.6v336.8h-600z",
          "M502 560.6c26.6 0 48.8-4.4 70.6-15.8l-6.4-17c-16.2 9.2-37.2 13.8-59.8 13.8-58.6 0-101.8-40.8-101.8-107 0-80.4 54.4-131.6 119-131.6 61.4 0 96 41.2 96 98.6 0 46-22.6 73-42.8 72.6-13-0.4-17.8-14.2-11.8-44.4l13.4-71.8c-10.4-4.8-25.4-8.4-42.4-8.4-55 0-94 44.8-94 94 0 31.4 19.8 50 42.8 50 23.8 0 42-11.4 55.8-34.8h1.6c-1.2 24.2 13.4 34.8 29.4 34.8 37.2 0 70.6-34.8 70.6-94.4 0-66.2-46.4-114.6-115.4-114.6-88 0-144.6 70.6-144.6 152.2-0.2 76.2 54.8 123.8 119.8 123.8zM542.6 418.2c-4.4 24.6-25.4 54-48.4 54-17.4 0-26.2-12.6-26.2-30.2 0-38.4 28.2-71.4 63-71.4 9.2 0 15.8 1.6 19.8 2.8l-8.2 44.8z"
        ],
        "attrs": [
          {},
          {}
        ],
        "isMulticolor": false,
        "isMulticolor2": false,
        "grid": 0,
        "tags": [
          "mail"
        ],
        "colorPermutations": {
          "11181641891210210211125525525515050501": [
            {},
            {}
          ]
        }
      },
      "attrs": [
        {},
        {}
      ],
      "properties": {
        "order": 50,
        "id": 4,
        "name": "mail",
        "prevSize": 32
      },
      "setIdx": 0,
      "setId": 3,
      "iconIdx": 3
    },
    {
      "icon": {
        "paths": [
          "M396.086 700.385h-315.39c-13.824 0-25.048-11.224-25.048-25.048v-515.278c0-13.836 11.224-25.048 25.048-25.048h260.203c0.544-68.528 56.699-124.223 125.239-124.223h52.636c68.54 0 124.695 55.696 125.239 124.223h260.203c13.824 0 25.048 11.212 25.048 25.048v172.771h14.042c13.836 0 25.048 11.212 25.048 25.048v630.285c0 13.836-11.212 25.048-25.048 25.048h-522.172c-13.836 0-25.048-11.212-25.048-25.048v-287.779zM241.347 185.108v465.182h154.738v-292.411c0-13.836 11.212-25.048 25.048-25.048h458.034v-147.723c-212.611 0-425.221 0-637.82 0zM191.252 650.289v-465.182h-85.509v465.182h85.509zM521.772 589.381c-32.946 0-32.946-50.108 0-50.108h320.893c32.946 0 32.946 50.108 0 50.108h-320.893zM521.772 806.757c-32.946 0-32.946-50.096 0-50.096h320.893c32.946 0 32.946 50.096 0 50.096h-320.893zM521.772 698.075c-32.946 0-32.946-50.108 0-50.108h320.893c32.946 0 32.946 50.108 0 50.108h-320.893zM918.257 382.927h-472.076v580.189h472.076v-580.189zM390.994 135.012h202.923c-0.556-40.868-34.252-74.128-75.144-74.128h-52.636c-40.88 0-74.587 33.26-75.144 74.128z"
        ],
        "attrs": [
          {}
        ],
        "isMulticolor": false,
        "isMulticolor2": false,
        "grid": 0,
        "tags": [
          "paperwork_job"
        ],
        "colorPermutations": {
          "11181641891210210211125525525515050501": [
            {}
          ]
        }
      },
      "attrs": [
        {}
      ],
      "properties": {
        "order": 51,
        "id": 3,
        "name": "paperwork_job",
        "prevSize": 32
      },
      "setIdx": 0,
      "setId": 3,
      "iconIdx": 4
    },
    {
      "icon": {
        "paths": [
          "M320.942 442.092c11.717-11.717 18.964-27.904 18.964-45.783s-7.247-34.066-18.964-45.783l-58.122-58.122c-11.717-11.717-27.904-18.964-45.783-18.964s-34.066 7.247-45.783 18.964l-29.645 29.645c-172.554 172.554 394.721 739.82 567.276 567.276l29.645-29.645c11.717-11.717 18.964-27.904 18.964-45.783s-7.247-34.066-18.964-45.783l-58.122-58.122c-11.717-11.717-27.904-18.964-45.783-18.964s-34.066 7.247-45.783 18.964l-23.429 23.429c-18.842 18.842-48.824 20.070-69.427 3.164-71.066-58.317-143.299-130.55-201.615-201.615-16.906-20.603-15.688-50.575 3.164-69.427l23.409-23.45z",
          "M430.438 331.684c138.803 10.465 249.006 123.249 255.304 263.168",
          "M802.324 594.862c-6.472-204.319-168.673-369.326-371.886-380.058",
          "M914.688 594.862c-6.564-266.373-218.972-481.577-484.25-492.462"
        ],
        "attrs": [
          {
            "fill": "none",
            "stroke": "rgb(50, 50, 50)",
            "strokeLinejoin": "miter",
            "strokeLinecap": "round",
            "strokeMiterlimit": "10",
            "strokeWidth": 15.36
          },
          {
            "fill": "none",
            "stroke": "rgb(118, 164, 189)",
            "strokeLinejoin": "miter",
            "strokeLinecap": "round",
            "strokeMiterlimit": "10",
            "strokeWidth": 15.36
          },
          {
            "fill": "none",
            "stroke": "rgb(118, 164, 189)",
            "strokeLinejoin": "miter",
            "strokeLinecap": "round",
            "strokeMiterlimit": "10",
            "strokeWidth": 15.36
          },
          {
            "fill": "none",
            "stroke": "rgb(118, 164, 189)",
            "strokeLinejoin": "miter",
            "strokeLinecap": "round",
            "strokeMiterlimit": "10",
            "strokeWidth": 15.36
          }
        ],
        "isMulticolor": false,
        "isMulticolor2": true,
        "grid": 0,
        "tags": [
          "phone"
        ],
        "colorPermutations": {
          "11181641891210210211125525525515050501": [
            {
              "s": 1
            },
            {
              "s": 2
            },
            {
              "s": 2
            },
            {
              "s": 2
            }
          ]
        }
      },
      "attrs": [
        {
          "fill": "none",
          "stroke": "rgb(50, 50, 50)",
          "strokeLinejoin": "miter",
          "strokeLinecap": "round",
          "strokeMiterlimit": "10",
          "strokeWidth": 15.36
        },
        {
          "fill": "none",
          "stroke": "rgb(118, 164, 189)",
          "strokeLinejoin": "miter",
          "strokeLinecap": "round",
          "strokeMiterlimit": "10",
          "strokeWidth": 15.36
        },
        {
          "fill": "none",
          "stroke": "rgb(118, 164, 189)",
          "strokeLinejoin": "miter",
          "strokeLinecap": "round",
          "strokeMiterlimit": "10",
          "strokeWidth": 15.36
        },
        {
          "fill": "none",
          "stroke": "rgb(118, 164, 189)",
          "strokeLinejoin": "miter",
          "strokeLinecap": "round",
          "strokeMiterlimit": "10",
          "strokeWidth": 15.36
        }
      ],
      "properties": {
        "order": 52,
        "id": 2,
        "name": "phone",
        "prevSize": 32
      },
      "setIdx": 0,
      "setId": 3,
      "iconIdx": 5
    },
    {
      "icon": {
        "paths": [
          "M1024 296.112h-160.448v-69.084h-437.078l-51.813-138.168h-374.661v846.281h863.552v-15.078l160.448-623.951zM979.441 330.654l-115.889 450.705v-450.705h115.889zM34.542 123.402h316.181l51.813 138.168h426.474v639.029h-794.468v-777.197z",
          "M103.626 831.514h414.505v-259.066h-414.505v259.066zM138.168 606.991h345.421v189.981h-345.421v-189.981z",
          "M345.421 727.888h-155.439c-9.551 0-17.271 7.72-17.271 17.271s7.72 17.271 17.271 17.271h155.439c9.551 0 17.271-7.72 17.271-17.271s-7.72-17.271-17.271-17.271z",
          "M189.981 676.075h69.084c9.551 0 17.271-7.72 17.271-17.271s-7.72-17.271-17.271-17.271h-69.084c-9.551 0-17.271 7.72-17.271 17.271s7.72 17.271 17.271 17.271z",
          "M431.776 641.533h-34.542c-9.551 0-17.271 7.72-17.271 17.271s7.72 17.271 17.271 17.271h34.542c9.551 0 17.271-7.72 17.271-17.271s-7.72-17.271-17.271-17.271z",
          "M402.243 732.897c-3.126 3.264-5.009 7.582-5.009 12.262 0 4.663 1.883 8.981 5.009 12.090 3.264 3.264 7.582 5.181 12.262 5.181 4.49 0 8.981-1.9 12.262-5.009 3.109-3.281 5.009-7.772 5.009-12.262s-1.9-8.998-5.009-12.262c-6.39-6.39-18.135-6.39-24.525 0z",
          "M328.15 676.075c4.49 0 8.981-1.9 12.262-5.009 3.109-3.281 5.009-7.772 5.009-12.262 0-4.68-1.9-8.998-5.009-12.262-6.39-6.39-18.325-6.39-24.525 0-3.126 3.264-5.009 7.772-5.009 12.262s1.883 8.981 5.009 12.262c3.264 3.109 7.772 5.009 12.262 5.009z"
        ],
        "attrs": [
          {},
          {},
          {},
          {},
          {},
          {},
          {}
        ],
        "isMulticolor": false,
        "isMulticolor2": false,
        "grid": 0,
        "tags": [
          "record"
        ],
        "colorPermutations": {
          "11181641891210210211125525525515050501": [
            {},
            {},
            {},
            {},
            {},
            {},
            {}
          ]
        }
      },
      "attrs": [
        {},
        {},
        {},
        {},
        {},
        {},
        {}
      ],
      "properties": {
        "order": 53,
        "id": 1,
        "name": "record",
        "prevSize": 32
      },
      "setIdx": 0,
      "setId": 3,
      "iconIdx": 6
    },
    {
      "icon": {
        "paths": [
          "M887.89 868.239h-751.78c-18.618 0-33.71-15.093-33.71-33.71h-0v-521.011c0-18.618 15.093-33.71 33.71-33.71h751.77c18.618 0 33.71 15.093 33.71 33.71v0 521.011c0 0.006 0 0.013 0 0.020 0 18.606-15.083 33.69-33.69 33.69-0.004 0-0.007-0-0.011-0l0.001 0z",
          "M102.4 480.686c0 81.377 170.68 125.614 356.229 132.7",
          "M565.361 613.386c185.549-7.086 356.239-51.323 356.239-132.7",
          "M329.021 279.798v-66.98c0-31.512 25.545-57.057 57.057-57.057v0h251.853c31.512 0 57.057 25.545 57.057 57.057v0 66.98",
          "M458.639 480.686h106.732v237.558h-106.732z"
        ],
        "attrs": [
          {
            "fill": "none",
            "strokeLinejoin": "round",
            "strokeLinecap": "round",
            "strokeMiterlimit": "10",
            "strokeWidth": 15.36
          },
          {
            "fill": "none",
            "strokeLinejoin": "round",
            "strokeLinecap": "round",
            "strokeMiterlimit": "10",
            "strokeWidth": 15.36
          },
          {
            "fill": "none",
            "strokeLinejoin": "round",
            "strokeLinecap": "round",
            "strokeMiterlimit": "10",
            "strokeWidth": 15.36
          },
          {
            "fill": "none",
            "strokeLinejoin": "round",
            "strokeLinecap": "round",
            "strokeMiterlimit": "10",
            "strokeWidth": 15.36
          },
          {
            "fill": "none",
            "strokeLinejoin": "round",
            "strokeLinecap": "round",
            "strokeMiterlimit": "10",
            "strokeWidth": 15.36
          }
        ],
        "isMulticolor": false,
        "isMulticolor2": false,
        "grid": 0,
        "tags": [
          "work"
        ],
        "colorPermutations": {
          "11181641891210210211125525525515050501": [
            {
              "s": 0
            },
            {
              "s": 0
            },
            {
              "s": 0
            },
            {
              "s": 0
            },
            {
              "s": 0
            }
          ]
        }
      },
      "attrs": [
        {
          "fill": "none",
          "strokeLinejoin": "round",
          "strokeLinecap": "round",
          "strokeMiterlimit": "10",
          "strokeWidth": 15.36
        },
        {
          "fill": "none",
          "strokeLinejoin": "round",
          "strokeLinecap": "round",
          "strokeMiterlimit": "10",
          "strokeWidth": 15.36
        },
        {
          "fill": "none",
          "strokeLinejoin": "round",
          "strokeLinecap": "round",
          "strokeMiterlimit": "10",
          "strokeWidth": 15.36
        },
        {
          "fill": "none",
          "strokeLinejoin": "round",
          "strokeLinecap": "round",
          "strokeMiterlimit": "10",
          "strokeWidth": 15.36
        },
        {
          "fill": "none",
          "strokeLinejoin": "round",
          "strokeLinecap": "round",
          "strokeMiterlimit": "10",
          "strokeWidth": 15.36
        }
      ],
      "properties": {
        "order": 54,
        "id": 0,
        "name": "work",
        "prevSize": 32
      },
      "setIdx": 0,
      "setId": 3,
      "iconIdx": 7
    }
  ],
  "height": 1024,
  "preferences": {
    "showGlyphs": true,
    "showQuickUse": true,
    "showQuickUse2": true,
    "showSVGs": true,
    "fontPref": {
      "prefix": "icon-",
      "metadata": {
        "fontFamily": "icomoon"
      },
      "metrics": {
        "emSize": 1024,
        "baseline": 6.25,
        "whitespace": 50
      },
      "embed": false
    },
    "imagePref": {
      "prefix": "icon-",
      "png": false,
      "useClassSelector": true,
      "color": 0,
      "bgColor": 16777215,
      "classSelector": ".icon",
      "name": "icomoon",
      "height": 32,
      "columns": 16,
      "margin": 16
    },
    "historySize": 50,
    "showCodes": true,
    "gridSize": 16,
    "showGrid": false
  }
}